{
    "name": "root",
    "gauges": {
        "Ant.Policy.Entropy.mean": {
            "value": 1.0284292697906494,
            "min": 1.0119531154632568,
            "max": 1.097141981124878,
            "count": 25
        },
        "Ant.Policy.Entropy.sum": {
            "value": 10531.115234375,
            "min": 9947.34765625,
            "max": 11234.7333984375,
            "count": 25
        },
        "Ant.Step.mean": {
            "value": 249995.0,
            "min": 9984.0,
            "max": 249995.0,
            "count": 25
        },
        "Ant.Step.sum": {
            "value": 249995.0,
            "min": 9984.0,
            "max": 249995.0,
            "count": 25
        },
        "Ant.Policy.ExtrinsicValueEstimate.mean": {
            "value": -0.5458559989929199,
            "min": -0.5657160878181458,
            "max": 0.09760681539773941,
            "count": 25
        },
        "Ant.Policy.ExtrinsicValueEstimate.sum": {
            "value": -87.88282012939453,
            "min": -92.21172332763672,
            "max": 15.226663589477539,
            "count": 25
        },
        "Ant.Losses.PolicyLoss.mean": {
            "value": 0.09509631271187877,
            "min": 0.09266740168399591,
            "max": 0.11272369187402849,
            "count": 25
        },
        "Ant.Losses.PolicyLoss.sum": {
            "value": 0.19019262542375753,
            "min": 0.11272369187402849,
            "max": 0.31026498823981696,
            "count": 25
        },
        "Ant.Losses.ValueLoss.mean": {
            "value": 4.431543776443429e-05,
            "min": 4.431543776443429e-05,
            "max": 0.01175091923217435,
            "count": 25
        },
        "Ant.Losses.ValueLoss.sum": {
            "value": 8.863087552886859e-05,
            "min": 8.863087552886859e-05,
            "max": 0.03525275769652305,
            "count": 25
        },
        "Ant.Policy.LearningRate.mean": {
            "value": 5.8776980408e-06,
            "min": 5.8776980408e-06,
            "max": 0.000293856002048,
            "count": 25
        },
        "Ant.Policy.LearningRate.sum": {
            "value": 1.17553960816e-05,
            "min": 1.17553960816e-05,
            "max": 0.000845748018084,
            "count": 25
        },
        "Ant.Policy.Epsilon.mean": {
            "value": 0.1019592,
            "min": 0.1019592,
            "max": 0.19795199999999996,
            "count": 25
        },
        "Ant.Policy.Epsilon.sum": {
            "value": 0.2039184,
            "min": 0.19795199999999996,
            "max": 0.5819160000000001,
            "count": 25
        },
        "Ant.Policy.Beta.mean": {
            "value": 0.0005000000000000001,
            "min": 0.0005000000000000001,
            "max": 0.0005000000000000002,
            "count": 25
        },
        "Ant.Policy.Beta.sum": {
            "value": 0.0010000000000000002,
            "min": 0.0005000000000000002,
            "max": 0.0015000000000000005,
            "count": 25
        },
        "Ant.IsTraining.mean": {
            "value": 1.0,
            "min": 1.0,
            "max": 1.0,
            "count": 25
        },
        "Ant.IsTraining.sum": {
            "value": 1.0,
            "min": 1.0,
            "max": 1.0,
            "count": 25
        },
        "Ant.Environment.EpisodeLength.mean": {
            "value": 1150.0,
            "min": 1000.0,
            "max": 1500.0,
            "count": 24
        },
        "Ant.Environment.EpisodeLength.sum": {
            "value": 9200.0,
            "min": 3900.0,
            "max": 14300.0,
            "count": 24
        },
        "Ant.Environment.CumulativeReward.mean": {
            "value": -6.749999389052391,
            "min": -8.49999917546908,
            "max": -5.999999493360519,
            "count": 24
        },
        "Ant.Environment.CumulativeReward.sum": {
            "value": -53.99999511241913,
            "min": -82.49999222159386,
            "max": -22.499997854232788,
            "count": 24
        },
        "Ant.Policy.ExtrinsicReward.mean": {
            "value": -6.749999389052391,
            "min": -8.49999917546908,
            "max": -5.999999493360519,
            "count": 24
        },
        "Ant.Policy.ExtrinsicReward.sum": {
            "value": -53.99999511241913,
            "min": -82.49999222159386,
            "max": -22.499997854232788,
            "count": 24
        }
    },
    "metadata": {
        "timer_format_version": "0.1.0",
        "start_time_seconds": "1716970520",
        "python_version": "3.10.12 (main, Jul  5 2023, 15:34:07) [Clang 14.0.6 ]",
        "command_line_arguments": "/Users/yassineabdennadher/miniconda3/envs/project/bin/mlagents-learn ./ant_config.yaml --env=ant_run_final --run-id=autorun_2fov180nbeyes5 --no-graphics --env-args --fov 180 --nbRays 5",
        "mlagents_version": "1.0.0",
        "mlagents_envs_version": "1.0.0",
        "communication_protocol_version": "1.5.0",
        "pytorch_version": "2.2.2",
        "numpy_version": "1.23.5",
        "end_time_seconds": "1716971320"
    },
    "total": 799.9460383319965,
    "count": 1,
    "self": 0.8591862329922151,
    "children": {
        "run_training.setup": {
            "total": 0.06452470300428104,
            "count": 1,
            "self": 0.06452470300428104
        },
        "TrainerController.start_learning": {
            "total": 799.022327396,
            "count": 1,
            "self": 0.48417841938498896,
            "children": {
                "TrainerController._reset_env": {
                    "total": 9.269939842997701,
                    "count": 1,
                    "self": 9.269939842997701
                },
                "TrainerController.advance": {
                    "total": 789.1382713376079,
                    "count": 12537,
                    "self": 0.47863846109976294,
                    "children": {
                        "env_step": {
                            "total": 575.9477783231414,
                            "count": 12537,
                            "self": 534.7986794953831,
                            "children": {
                                "SubprocessEnvManager._take_step": {
                                    "total": 40.800255094589374,
                                    "count": 12537,
                                    "self": 1.4642578599086846,
                                    "children": {
                                        "TorchPolicy.evaluate": {
                                            "total": 39.33599723468069,
                                            "count": 12537,
                                            "self": 39.33599723468069
                                        }
                                    }
                                },
                                "workers": {
                                    "total": 0.3488437331689056,
                                    "count": 12537,
                                    "self": 0.0,
                                    "children": {
                                        "worker_root": {
                                            "total": 790.61371064571,
                                            "count": 12537,
                                            "is_parallel": true,
                                            "self": 296.1607160277126,
                                            "children": {
                                                "steps_from_proto": {
                                                    "total": 0.0028019899982609786,
                                                    "count": 1,
                                                    "is_parallel": true,
                                                    "self": 0.0016531410001334734,