{
    "name": "root",
    "gauges": {
        "Ant.Policy.Entropy.mean": {
            "value": 0.8548745512962341,
            "min": 0.8139910697937012,
            "max": 1.0942213535308838,
            "count": 25
        },
        "Ant.Policy.Entropy.sum": {
            "value": 8668.427734375,
            "min": 8205.0302734375,
            "max": 11358.017578125,
            "count": 25
        },
        "Ant.Step.mean": {
            "value": 249999.0,
            "min": 9947.0,
            "max": 249999.0,
            "count": 25
        },
        "Ant.Step.sum": {
            "value": 249999.0,
            "min": 9947.0,
            "max": 249999.0,
            "count": 25
        },
        "Ant.Policy.ExtrinsicValueEstimate.mean": {
            "value": -0.571601152420044,
            "min": -0.6007184386253357,
            "max": -0.09419193863868713,
            "count": 25
        },
        "Ant.Policy.ExtrinsicValueEstimate.sum": {
            "value": -94.88578796386719,
            "min": -99.92840576171875,
            "max": -15.730053901672363,
            "count": 25
        },
        "Ant.Losses.PolicyLoss.mean": {
            "value": 0.09125100523791238,
            "min": 0.09125100523791238,
            "max": 0.1053439725850088,
            "count": 25
        },
        "Ant.Losses.PolicyLoss.sum": {
            "value": 0.18250201047582476,
            "min": 0.18250201047582476,
            "max": 0.3103879944965237,
            "count": 25
        },
        "Ant.Losses.ValueLoss.mean": {
            "value": 0.00014624032710723137,
            "min": 6.545476662306372e-05,
            "max": 0.00973684295504605,
            "count": 25
        },
        "Ant.Losses.ValueLoss.sum": {
            "value": 0.00029248065421446273,
            "min": 0.00013090953324612745,
            "max": 0.0194736859100921,
            "count": 25
        },
        "Ant.Policy.LearningRate.mean": {
            "value": 5.403698198800009e-06,
            "min": 5.403698198800009e-06,
            "max": 0.0002912286029238,
            "count": 25
        },
        "Ant.Policy.LearningRate.sum": {
            "value": 1.0807396397600018e-05,
            "min": 1.0807396397600018e-05,
            "max": 0.000740916053028,
            "count": 25
        },
        "Ant.Policy.Epsilon.mean": {
            "value": 0.10180120000000002,
            "min": 0.10180120000000002,
            "max": 0.19707619999999995,
            "count": 25
        },
        "Ant.Policy.Epsilon.sum": {
            "value": 0.20360240000000004,
            "min": 0.20360240000000004,
            "max": 0.546972,
            "count": 25
        },
        "Ant.Policy.Beta.mean": {
            "value": 0.0005000000000000001,
            "min": 0.0005000000000000001,
            "max": 0.0005000000000000002,
            "count": 25
        },
        "Ant.Policy.Beta.sum": {
            "value": 0.0010000000000000002,
            "min": 0.0010000000000000002,
            "max": 0.0015000000000000005,
            "count": 25
        },
        "Ant.Environment.EpisodeLength.mean": {
            "value": 939.2142857142857,
            "min": 454.0,
            "max": 1135.8,
            "count": 25
        },
        "Ant.Environment.EpisodeLength.sum": {
            "value": 13149.0,
            "min": 4678.0,
            "max": 14082.0,
            "count": 25
        },
        "Ant.Environment.CumulativeReward.mean": {
            "value": -5.624999466352165,
            "min": -6.678999343514443,
            "max": -3.269999712705612,
            "count": 25
        },
        "Ant.Environment.CumulativeReward.sum": {
            "value": -78.7499925289303,
            "min": -90.05999237298965,
            "max": -30.389996975660324,
            "count": 25
        },
        "Ant.Policy.ExtrinsicReward.mean": {
            "value": -5.624999466352165,
            "min": -6.678999343514443,
            "max": -3.269999712705612,
            "count": 25
        },
        "Ant.Policy.ExtrinsicReward.sum": {
            "value": -78.7499925289303,
            "min": -90.05999237298965,
            "max": -30.389996975660324,
            "count": 25
        },
        "Ant.IsTraining.mean": {
            "value": 1.0,
            "min": 1.0,
            "max": 1.0,
            "count": 25
        },
        "Ant.IsTraining.sum": {
            "value": 1.0,
            "min": 1.0,
            "max": 1.0,
            "count": 25
        }
    },
    "metadata": {
        "timer_format_version": "0.1.0",
        "start_time_seconds": "1716554737",
        "python_version": "3.10.12 (main, Jul  5 2023, 15:34:07) [Clang 14.0.6 ]",
        "command_line_arguments": "/Users/yassineabdennadher/miniconda3/envs/project/bin/mlagents-learn config/ant_config.yaml --env=24mai1442 --run-id=24mai1445 --no-graphics --env-args --fov 75 --nbRays 11",
        "mlagents_version": "1.0.0",
        "mlagents_envs_version": "1.0.0",
        "communication_protocol_version": "1.5.0",
        "pytorch_version": "2.2.2",
        "numpy_version": "1.21.2",
        "end_time_seconds": "1716555565"
    },
    "total": 828.1600531990116,
    "count": 1,
    "self": 0.6637537960195914,
    "children": {
        "run_training.setup": {
            "total": 0.04758558899629861,
            "count": 1,
            "self": 0.04758558899629861
        },
        "TrainerController.start_learning": {
            "total": 827.4487138139957,
            "count": 1,
            "self": 0.3966248025681125,
            "children": {
                "TrainerController._reset_env": {
                    "total": 13.179944864008576,
                    "count": 1,
                    "self": 13.179944864008576
                },
                "TrainerController.advance": {
                    "total": 813.6440535164293,
                    "count": 12534,
                    "self": 0.44797714217565954,
                    "children": {
                        "env_step": {
                            "total": 551.2208029781032,
                            "count": 12534,
                            "self": 505.26028853507887,
                            "children": {
                                "SubprocessEnvManager._take_step": {
                                    "total": 45.6942576704314,
                                    "count": 12534,
                                    "self": 1.2943513473146595,
                                    "children": {
                                        "TorchPolicy.evaluate": {
                                            "total": 44.39990632311674,
                                            "count": 12534,
                                            "self": 44.39990632311674
                                        }
                                    }
                                },
                                "workers": {
                                    "total": 0.2662567725928966,
                                    "count": 12534,
                                    "self": 0.0,
                                    "children": {
                                        "worker_root": {
                                            "total": 815.3214444829646,
                                            "count": 12534,
                                            "is_parallel": true,
                                            "self": 356.1515102447738,
                                            "children": {
                                                "steps_from_proto": {
                                                    "total": 0.003124462004052475,
                                                    "count": 1,
                                                    "is_parallel": true,
                                                    "self": 0.0014878729998599738,