{
    "name": "root",
    "gauges": {
        "Ant.Policy.Entropy.mean": {
            "value": 0.9840520620346069,
            "min": 0.9806404709815979,
            "max": 1.0934503078460693,
            "count": 25
        },
        "Ant.Policy.Entropy.sum": {
            "value": 9938.92578125,
            "min": 9688.701171875,
            "max": 11189.8984375,
            "count": 25
        },
        "Ant.Step.mean": {
            "value": 249960.0,
            "min": 9984.0,
            "max": 249960.0,
            "count": 25
        },
        "Ant.Step.sum": {
            "value": 249960.0,
            "min": 9984.0,
            "max": 249960.0,
            "count": 25
        },
        "Ant.Policy.ExtrinsicValueEstimate.mean": {
            "value": -0.5055055618286133,
            "min": -0.5055344104766846,
            "max": -0.180731400847435,
            "count": 25
        },
        "Ant.Policy.ExtrinsicValueEstimate.sum": {
            "value": -78.85887145996094,
            "min": -80.37997436523438,
            "max": -28.1940975189209,
            "count": 25
        },
        "Ant.Losses.PolicyLoss.mean": {
            "value": 0.10171296778660352,
            "min": 0.0704582516303384,
            "max": 0.10413869548901993,
            "count": 25
        },
        "Ant.Losses.PolicyLoss.sum": {
            "value": 0.20342593557320704,
            "min": 0.09535456358765562,
            "max": 0.31241608646705976,
            "count": 25
        },
        "Ant.Losses.ValueLoss.mean": {
            "value": 7.524708128297795e-06,
            "min": 3.8234801039334814e-07,
            "max": 0.0017834246541800288,
            "count": 25
        },
        "Ant.Losses.ValueLoss.sum": {
            "value": 1.504941625659559e-05,
            "min": 7.646960207866963e-07,
            "max": 0.0033591246964575173,
            "count": 25
        },
        "Ant.Policy.LearningRate.mean": {
            "value": 7.5744974751999975e-06,
            "min": 7.5744974751999975e-06,
            "max": 0.000293856002048,
            "count": 25
        },
        "Ant.Policy.LearningRate.sum": {
            "value": 1.5148994950399995e-05,
            "min": 1.5148994950399995e-05,
            "max": 0.00056928001024,
            "count": 25
        },
        "Ant.Policy.Epsilon.mean": {
            "value": 0.1025248,
            "min": 0.1025248,
            "max": 0.19795199999999996,
            "count": 25
        },
        "Ant.Policy.Epsilon.sum": {
            "value": 0.2050496,
            "min": 0.19795199999999996,
            "max": 0.425392,
            "count": 25
        },
        "Ant.Policy.Beta.mean": {
            "value": 0.0005000000000000001,
            "min": 0.0005000000000000001,
            "max": 0.0005000000000000002,
            "count": 25
        },
        "Ant.Policy.Beta.sum": {
            "value": 0.0010000000000000002,
            "min": 0.0005000000000000002,
            "max": 0.0015000000000000007,
            "count": 25
        },
        "Ant.IsTraining.mean": {
            "value": 1.0,
            "min": 1.0,
            "max": 1.0,
            "count": 25
        },
        "Ant.IsTraining.sum": {
            "value": 1.0,
            "min": 1.0,
            "max": 1.0,
            "count": 25
        },
        "Ant.Environment.EpisodeLength.mean": {
            "value": 6500.0,
            "min": 5000.0,
            "max": 11000.333333333334,
            "count": 7
        },
        "Ant.Environment.EpisodeLength.sum": {
            "value": 13000.0,
            "min": 5000.0,
            "max": 33001.0,
            "count": 7
        },
        "Ant.Environment.CumulativeReward.mean": {
            "value": -33.49999621510506,
            "min": -56.00166031718254,
            "max": -25.999997079372406,
            "count": 7
        },
        "Ant.Environment.CumulativeReward.sum": {
            "value": -66.99999243021011,
            "min": -168.00498095154762,
            "max": -25.999997079372406,
            "count": 7
        },
        "Ant.Policy.ExtrinsicReward.mean": {
            "value": -33.49999621510506,
            "min": -56.00166031718254,
            "max": -25.999997079372406,
            "count": 7
        },
        "Ant.Policy.ExtrinsicReward.sum": {
            "value": -66.99999243021011,
            "min": -168.00498095154762,
            "max": -25.999997079372406,
            "count": 7
        }
    },
    "metadata": {
        "timer_format_version": "0.1.0",
        "start_time_seconds": "1716912626",
        "python_version": "3.10.12 (main, Jul  5 2023, 15:34:07) [Clang 14.0.6 ]",
        "command_line_arguments": "/Users/yassineabdennadher/miniconda3/envs/project/bin/mlagents-learn ./ant_config.yaml --env=ant_run_final --run-id=autorun_1fov15nbeyes1 --no-graphics --env-args --fov 15 --nbRays 1",
        "mlagents_version": "1.0.0",
        "mlagents_envs_version": "1.0.0",
        "communication_protocol_version": "1.5.0",
        "pytorch_version": "2.2.2",
        "numpy_version": "1.21.2",
        "end_time_seconds": "1716913005"
    },
    "total": 379.6263640819998,
    "count": 1,
    "self": 0.49120947399933357,
    "children": {
        "run_training.setup": {
            "total": 0.03679323899996234,
            "count": 1,
            "self": 0.03679323899996234
        },
        "TrainerController.start_learning": {
            "total": 379.0983613690005,
            "count": 1,
            "self": 0.22496143692842452,
            "children": {
                "TrainerController._reset_env": {
                    "total": 5.213916205997521,
                    "count": 1,
                    "self": 5.213916205997521
                },
                "TrainerController.advance": {
                    "total": 373.57089661807186,
                    "count": 12537,
                    "self": 0.2254161889977695,
                    "children": {
                        "env_step": {
                            "total": 281.7227850368945,
                            "count": 12537,
                            "self": 268.79904405013804,
                            "children": {
                                "SubprocessEnvManager._take_step": {
                                    "total": 12.761477911120892,
                                    "count": 12537,
                                    "self": 0.7536357855315146,
                                    "children": {
                                        "TorchPolicy.evaluate": {
                                            "total": 12.007842125589377,
                                            "count": 12537,
                                            "self": 12.007842125589377
                                        }
                                    }
                                },
                                "workers": {
                                    "total": 0.16226307563556475,
                                    "count": 12537,
                                    "self": 0.0,
                                    "children": {
                                        "worker_root": {
                                            "total": 374.66959382023197,
                                            "count": 12537,
                                            "is_parallel": true,
                                            "self": 124.8162413657301,
                                            "children": {
                                                "steps_from_proto": {
                                                    "total": 0.0007651689993508626,
                                                    "count": 1,
                                                    "is_parallel": true,
                                                    "self": 0.0003325789984955918,