{"count":1,"self":67.4209984,"total":68.7977233,"children":{"InitializeActuators":{"count":1,"self":0.0060824999999999994,"total":0.0060824999999999994,"children":null},"InitializeSensors":{"count":1,"self":0.0045439999999999994,"total":0.0045439999999999994,"children":null},"AgentSendState":{"count":2963,"self":0.0797,"total":0.82703719999999992,"children":{"CollectObservations":{"count":2963,"self":0.69103439999999994,"total":0.69103439999999994,"children":null},"WriteActionMask":{"count":2963,"self":0.0193519,"total":0.0193519,"children":null},"RequestDecision":{"count":2963,"self":0.036950899999999995,"total":0.036950899999999995,"children":null}}},"DecideAction":{"count":2963,"self":0.048213599999999995,"total":0.048213599999999995,"children":null},"AgentAct":{"count":2963,"self":0.48879999999999996,"total":0.48879999999999996,"children":null}},"gauges":{"Ant1.CumulativeReward":{"count":5,"max":-79.90008,"min":-143.199539,"runningAverage":-95.57993,"value":-79.90008,"weightedAverage":-102.051834}},"metadata":{"timer_format_version":"0.1.0","start_time_seconds":"1715247927","unity_version":"2022.3.25f1","command_line_arguments":"C:\\Program Files\\unity\\2022.3.25f1\\Editor\\Unity.exe -projectpath C:\\Users\\ambor\\Documents\\Unity\\my_game\\test_ml_agents -useHub -hubIPC -cloudEnvironment production","communication_protocol_version":"1.5.0","com.unity.ml-agents_version":"2.3.0-exp.3","scene_name":"SampleScene","end_time_seconds":"1715247995"}}