{
    "name": "root",
    "gauges": {
        "Ant.Policy.Entropy.mean": {
            "value": 0.9613091349601746,
            "min": 0.9613091349601746,
            "max": 1.0962293148040771,
            "count": 25
        },
        "Ant.Policy.Entropy.sum": {
            "value": 9689.99609375,
            "min": 9670.7197265625,
            "max": 11519.5869140625,
            "count": 25
        },
        "Ant.Step.mean": {
            "value": 249968.0,
            "min": 9963.0,
            "max": 249968.0,
            "count": 25
        },
        "Ant.Step.sum": {
            "value": 249968.0,
            "min": 9963.0,
            "max": 249968.0,
            "count": 25
        },
        "Ant.Policy.ExtrinsicValueEstimate.mean": {
            "value": -0.6234216690063477,
            "min": -0.684334397315979,
            "max": -0.24313421547412872,
            "count": 25
        },
        "Ant.Policy.ExtrinsicValueEstimate.sum": {
            "value": -105.35826110839844,
            "min": -124.54885864257812,
            "max": -41.81908416748047,
            "count": 25
        },
        "Ant.Losses.PolicyLoss.mean": {
            "value": 0.10146920140422223,
            "min": 0.08556221784868588,
            "max": 0.10645341631607153,
            "count": 25
        },
        "Ant.Losses.PolicyLoss.sum": {
            "value": 0.20293840280844447,
            "min": 0.08556221784868588,
            "max": 0.3071506094420329,
            "count": 25
        },
        "Ant.Losses.ValueLoss.mean": {
            "value": 0.00040512922532069494,
            "min": 0.00020525082701804633,
            "max": 0.010658138629393576,
            "count": 25
        },
        "Ant.Losses.ValueLoss.sum": {
            "value": 0.0008102584506413899,
            "min": 0.00041050165403609266,
            "max": 0.03197441588818073,
            "count": 25
        },
        "Ant.Policy.LearningRate.mean": {
            "value": 5.2230982589999955e-06,
            "min": 5.2230982589999955e-06,
            "max": 0.000293856002048,
            "count": 25
        },
        "Ant.Policy.LearningRate.sum": {
            "value": 1.0446196517999991e-05,
            "min": 1.0446196517999991e-05,
            "max": 0.0008481096172967998,
            "count": 25
        },
        "Ant.Policy.Epsilon.mean": {
            "value": 0.101741,
            "min": 0.101741,
            "max": 0.19795199999999996,
            "count": 25
        },
        "Ant.Policy.Epsilon.sum": {
            "value": 0.203482,
            "min": 0.19795199999999996,
            "max": 0.5827032,
            "count": 25
        },
        "Ant.Policy.Beta.mean": {
            "value": 0.0005000000000000001,
            "min": 0.0005000000000000001,
            "max": 0.0005000000000000002,
            "count": 25
        },
        "Ant.Policy.Beta.sum": {
            "value": 0.0010000000000000002,
            "min": 0.0005000000000000002,
            "max": 0.0015000000000000005,
            "count": 25
        },
        "Ant.Environment.EpisodeLength.mean": {
            "value": 412.9,
            "min": 278.3611111111111,
            "max": 496.52,
            "count": 25
        },
        "Ant.Environment.EpisodeLength.sum": {
            "value": 8258.0,
            "min": 5655.0,
            "max": 12413.0,
            "count": 25
        },
        "Ant.Environment.CumulativeReward.mean": {
            "value": -3.0644997507333755,
            "min": -3.4825997066497805,
            "max": -2.391805376443598,
            "count": 25
        },
        "Ant.Environment.CumulativeReward.sum": {
            "value": -61.28999501466751,
            "min": -98.52499231696129,
            "max": -48.27499631047249,
            "count": 25
        },
        "Ant.Policy.ExtrinsicReward.mean": {
            "value": -3.0644997507333755,
            "min": -3.4825997066497805,
            "max": -2.391805376443598,
            "count": 25
        },
        "Ant.Policy.ExtrinsicReward.sum": {
            "value": -61.28999501466751,
            "min": -98.52499231696129,
            "max": -48.27499631047249,
            "count": 25
        },
        "Ant.IsTraining.mean": {
            "value": 1.0,
            "min": 1.0,
            "max": 1.0,
            "count": 25
        },
        "Ant.IsTraining.sum": {
            "value": 1.0,
            "min": 1.0,
            "max": 1.0,
            "count": 25
        }
    },
    "metadata": {
        "timer_format_version": "0.1.0",
        "start_time_seconds": "1716933856",
        "python_version": "3.10.12 (main, Jul  5 2023, 15:34:07) [Clang 14.0.6 ]",
        "command_line_arguments": "/Users/yassineabdennadher/miniconda3/envs/project/bin/mlagents-learn ./ant_config.yaml --env=ant_run_final --run-id=autorun_1fov180nbeyes19 --no-graphics --env-args --fov 180 --nbRays 19",
        "mlagents_version": "1.0.0",
        "mlagents_envs_version": "1.0.0",
        "communication_protocol_version": "1.5.0",
        "pytorch_version": "2.2.2",
        "numpy_version": "1.23.5",
        "end_time_seconds": "1716934647"
    },
    "total": 790.3322453690052,
    "count": 1,
    "self": 1.3454961580064264,
    "children": {
        "run_training.setup": {
            "total": 0.05374672899779398,
            "count": 1,
            "self": 0.05374672899779398
        },
        "TrainerController.start_learning": {
            "total": 788.933002482001,
            "count": 1,
            "self": 0.4236609208746813,
            "children": {
                "TrainerController._reset_env": {
                    "total": 9.842181956002605,
                    "count": 1,
                    "self": 9.842181956002605
                },
                "TrainerController.advance": {
                    "total": 778.5179285651247,
                    "count": 12535,
                    "self": 0.48470415364863584,
                    "children": {
                        "env_step": {
                            "total": 605.7812856664677,
                            "count": 12535,
                            "self": 572.4339113966489,
                            "children": {
                                "SubprocessEnvManager._take_step": {
                                    "total": 33.05916453673126,
                                    "count": 12535,
                                    "self": 1.3211130947020138,
                                    "children": {
                                        "TorchPolicy.evaluate": {
                                            "total": 31.738051442029246,
                                            "count": 12535,
                                            "self": 31.738051442029246
                                        }
                                    }
                                },
                                "workers": {
                                    "total": 0.2882097330875695,
                                    "count": 12535,
                                    "self": 0.0,
                                    "children": {
                                        "worker_root": {
                                            "total": 780.9566858277612,
                                            "count": 12535,
                                            "is_parallel": true,
                                            "self": 243.16513069697976,
                                            "children": {
                                                "steps_from_proto": {
                                                    "total": 0.0021307259958120994,
                                                    "count": 1,
                                                    "is_parallel": true,
                                                    "self": 0.0012451439979486167,