{
    "name": "root",
    "gauges": {
        "Ant.Policy.Entropy.mean": {
            "value": 0.002200216054916382,
            "min": 0.0012686914997175336,
            "max": 0.8540482521057129,
            "count": 50
        },
        "Ant.Policy.Entropy.sum": {
            "value": 22.046165466308594,
            "min": 12.712288856506348,
            "max": 8745.4541015625,
            "count": 50
        },
        "Ant.Step.mean": {
            "value": 499938.0,
            "min": 9947.0,
            "max": 499938.0,
            "count": 50
        },
        "Ant.Step.sum": {
            "value": 499938.0,
            "min": 9947.0,
            "max": 499938.0,
            "count": 50
        },
        "Ant.Policy.ExtrinsicValueEstimate.mean": {
            "value": -18.481586456298828,
            "min": -20.02583885192871,
            "max": 44.39790725708008,
            "count": 50
        },
        "Ant.Policy.ExtrinsicValueEstimate.sum": {
            "value": -2938.572265625,
            "min": -3244.18603515625,
            "max": 7014.86962890625,
            "count": 50
        },
        "Ant.Losses.PolicyLoss.mean": {
            "value": 0.2469264395464447,
            "min": 0.23777026268558496,
            "max": 0.2521702006230975,
            "count": 50
        },
        "Ant.Losses.PolicyLoss.sum": {
            "value": 8.642425384125564,
            "min": 1.9999151520616962,
            "max": 12.458903245098853,
            "count": 50
        },
        "Ant.Losses.ValueLoss.mean": {
            "value": 6.224950129117179e-06,
            "min": 6.224950129117179e-06,
            "max": 47.44963699449725,
            "count": 50
        },
        "Ant.Losses.ValueLoss.sum": {
            "value": 0.00021787325451910126,
            "min": 0.00021787325451910126,
            "max": 806.6438289064532,
            "count": 50
        },
        "Ant.Policy.LearningRate.mean": {
            "value": 3.0807389731200015e-06,
            "min": 3.0807389731200015e-06,
            "max": 0.00029658037613987495,
            "count": 50
        },
        "Ant.Policy.LearningRate.sum": {
            "value": 0.00010782586405920005,
            "min": 0.00010782586405920005,
            "max": 0.012392509569163797,
            "count": 50
        },
        "Ant.Policy.Epsilon.mean": {
            "value": 0.10102688000000003,
            "min": 0.10102688000000003,
            "max": 0.198860125,
            "count": 50
        },
        "Ant.Policy.Epsilon.sum": {
            "value": 3.535940800000001,
            "min": 1.590881,
            "max": 9.2308362,
            "count": 50
        },
        "Ant.Policy.Beta.mean": {
            "value": 0.0005000000000000002,
            "min": 0.0005000000000000001,
            "max": 0.0005000000000000002,
            "count": 50
        },
        "Ant.Policy.Beta.sum": {
            "value": 0.01750000000000001,
            "min": 0.004000000000000002,
            "max": 0.02550000000000001,
            "count": 50
        },
        "Ant.Environment.EpisodeLength.mean": {
            "value": 500.0,
            "min": 500.0,
            "max": 672.5,
            "count": 50
        },
        "Ant.Environment.EpisodeLength.sum": {
            "value": 10000.0,
            "min": 7050.0,
            "max": 13450.0,
            "count": 50
        },
        "Ant.Environment.CumulativeReward.mean": {
            "value": -100.00000476837158,
            "min": -117.25000619888306,
            "max": -100.00000476837158,
            "count": 50
        },
        "Ant.Environment.CumulativeReward.sum": {
            "value": -2000.0000953674316,
            "min": -2345.000123977661,
            "max": -1305.0000658035278,
            "count": 50
        },
        "Ant.Policy.ExtrinsicReward.mean": {
            "value": -100.00000476837158,
            "min": -117.25000619888306,
            "max": -100.00000476837158,
            "count": 50
        },
        "Ant.Policy.ExtrinsicReward.sum": {
            "value": -2000.0000953674316,
            "min": -2345.000123977661,
            "max": -1305.0000658035278,
            "count": 50
        },
        "Ant.IsTraining.mean": {
            "value": 1.0,
            "min": 1.0,
            "max": 1.0,
            "count": 50
        },
        "Ant.IsTraining.sum": {
            "value": 1.0,
            "min": 1.0,
            "max": 1.0,
            "count": 50
        }
    },
    "metadata": {
        "timer_format_version": "0.1.0",
        "start_time_seconds": "1715292250",
        "python_version": "3.10.12 (main, Jul  5 2023, 15:34:07) [Clang 14.0.6 ]",
        "command_line_arguments": "/Users/yassineabdennadher/miniconda3/envs/mlagents/bin/mlagents-learn config/ant_config.yaml --env=test --run-id=run_night6 --no-graphics",
        "mlagents_version": "1.0.0",
        "mlagents_envs_version": "1.0.0",
        "communication_protocol_version": "1.5.0",
        "pytorch_version": "2.2.2",
        "numpy_version": "1.21.2",
        "end_time_seconds": "1715313296"
    },
    "total": 21046.012993048,
    "count": 1,
    "self": 0.6900859060006042,
    "children": {
        "run_training.setup": {
            "total": 0.0427774630006752,
            "count": 1,
            "self": 0.0427774630006752
        },
        "TrainerController.start_learning": {
            "total": 21045.280129679,
            "count": 1,
            "self": 0.5036981280100008,
            "children": {
                "TrainerController._reset_env": {
                    "total": 5.6572561979992315,
                    "count": 1,
                    "self": 5.6572561979992315
                },
                "TrainerController.advance": {
                    "total": 21039.06484365399,
                    "count": 25041,
                    "self": 0.49929102839450934,
                    "children": {
                        "env_step": {
                            "total": 437.0142639958394,
                            "count": 25041,
                            "self": 410.66233960284444,
                            "children": {
                                "SubprocessEnvManager._take_step": {
                                    "total": 26.044265290260228,
                                    "count": 25041,
                                    "self": 1.5981551272343495,
                                    "children": {
                                        "TorchPolicy.evaluate": {
                                            "total": 24.446110163025878,
                                            "count": 25041,
                                            "self": 24.446110163025878
                                        }
                                    }
                                },
                                "workers": {
                                    "total": 0.3076591027347604,
                                    "count": 25041,
                                    "self": 0.0,
                                    "children": {
                                        "worker_root": {
                                            "total": 21039.803288388382,
                                            "count": 25041,
                                            "is_parallel": true,
                                            "self": 20667.33322914144,
                                            "children": {
                                                "steps_from_proto": {
                                                    "total": 0.0036111710032855626,
                                                    "count": 1,
                                                    "is_parallel": true,
                                                    "self": 0.001788667002983857,